Ticker,Company,Sector
AAG.V,Aftermath Silver Ltd,
AAU.V,Angold Resources Ltd,
AAV.TO,Advantage Oil & Gas Ltd.,"Energy, Oil and Gas"
ABR.V,Arbor Metals Corp,
ABRA.V,Abrasilver Resource Corp,
ABST.TO,Absolute Software Corp,"Software, Internet, Technology"
ABX.TO,Barrick Gold Corp.,
ABXX.NE,Abaxx Technologies Inc,
AC.TO,Air Canada Inc.,
ACB.TO,Aurora Cannabis Inc,
ACDCCSE,Extreme Vehicle Battery Technologies Corp,
ACO-X.TO,Atco Ltd. (Class I),"Energy, Oil and Gas, Utilities"
ACOG.V,Alpha Cognition Inc,
ACQ.TO,AutoCanada Inc,"Transportation, Automotive"
ACST.V,Acasti Pharma Inc (Class A),"Manufacturing, Healthcare, Pharmaceuticals"
ACU.V,Aurora Solar Technologies Inc,
AD-UN.TO,Alaris Equity Partners Income Trust,
ADCO.TO,Adcore Inc,
ADK.V,Diagnos Inc.,
ADW-A.TO,Andrew Peller Limited (Class A),"Food, Alcohol and Tobacco, Consumer Products"
ADZN.V,Adventus Mining Corporation,
AEM.TO,Agnico Eagle Mines Ltd,"Mining, Materials"
AEX.V,AEX Gold Inc,
AEZS.TO,Aeterna Zentaris Inc.,"Manufacturing, Healthcare, Biotechnology"
AFM.V,Alphamin Resources Corp,
AFN.TO,Ag Growth International Inc,"Manufacturing, Machinery, Engineering"
AGF-B.TO,AGF Management Ltd. (Class B),Finance
AGI.TO,Alamos Gold Inc. (Class A),"Mining, Materials"
AH.TO,Aleafia Health Inc.,"Manufacturing, Cannabis, Healthcare"
AHC.TO,Apollo Healthcare Corp (Class B),
AI.TO,Atrium Mortgage Investment Corp,Finance
AIF.TO,Altus Group Ltd.,"Consulting, Real Estate, Software, Technology"
AII.TO,Almonty Industries Inc,"Mining, Materials"
AIM.TO,Aimia Inc,"Finance, Retail"
AKT-A.TO,Akita Drilling Ltd. (Class A),"Oil and Gas, Construction"
ALA.TO,AltaGas Ltd,"Energy, Oil and Gas"
ALS.TO,Altius Minerals Corp.,"Mining, Materials"
ALV.V,Alvopetro Energy Ltd,
ALY.V,AnalytixInsight Inc,
ALYA.TO,Alithya Group inc (Class A),
AMC.V,Arizona Metals Corp,
AMK.V,American Creek Resources Ltd- New,
AMM.TO,Almaden Minerals Ltd,"Mining, Materials"
AMX.V,Amex Exploration Inc.,"Mining, Materials"
AMY.V,American Manganese Inc,
AND.TO,Andlauer Healthcare Group Inc,
ANX.TO,Anaconda Mining Inc,
AOI.TO,Africa Oil Corp,"Energy, Oil and Gas"
AOT.TO,Ascot Resources Ltd.,"Mining, Materials"
AP-UN.TO,Allied Properties Real Estate Investment Trust,"Real Estate, Finance"
APGO.V,Apollo Gold & Silver Corp,
APHA.TO,Aphria Inc,"Manufacturing, Cannabis, Healthcare, Pharmaceuticals"
APLI.TO,Appili Therapeutics Inc,
APM.V,Andean Precious Metals Corp,
APR-UN.TO,Automotive Properties Real Estate Investment Trust,"Real Estate, Finance"
APS.TO,Aptose Biosciences Inc,
AQN.TO,Algonquin Power & Utilities Corp,"Energy, Utilities"
AQUA.V,Aquarius AI Inc,
AR.TO,Argonaut Gold Inc,"Mining, Materials"
ARE.TO,Aecon Group Inc.,"Construction, Engineering"
ARG.TO,Amerigo Resources Ltd,"Mining, Materials"
ARIS.TO,Aris Gold Corp,
ARR.TO,Altius Renewable Royalties Corp.,
ARS.V,Ares Strategic Mining Inc,
ART.V,Arht Media Inc,
ARTG.V,Artemis Gold Inc,
ARU.V,Aurania Resources Ltd,
ARX.TO,ARC Resources Ltd,"Energy, Oil and Gas"
ASM.TO,Avino Silver & Gold Mines Ltd.,"Mining, Materials"
AT.TO,AcuityAds Holdings Inc,"Advertising and Marketing, Software, Internet, Technology"
ATA.TO,"ATS Automation Tooling Systems, Inc.","Manufacturing, Machinery, Engineering"
ATD-B.TO,"Alimentation-Couche Tard, Inc. (Class B)",
ATE.TO,Antibe Therapeutics Inc Common New,
ATH.TO,Athabasca Oil Corp,"Energy, Oil and Gas"
ATP.TO,Atlantic Power Corp.,"Energy, Utilities"
ATY.V,Atico Mining Corp,
ATZ.TO,Aritzia Inc,"Apparel and Footwear, Retail, Fashion and Jewelry, Consumer Products"
AUAU.V,Allegiant Gold Ltd,"Mining, Materials"
AUMB.V,1911 Gold Corporation,
AUMN.TO,Golden Minerals Co,
AUN.V,Aurcana Silver Corp,"Mining, Materials"
AUP.TO,Aurinia Pharmaceuticals Inc,
AUX.V,AUX Resources Corporation,
AVCN.TO,Avicanna Inc,
AVCR.V,Avricore Health Inc.,
AVN.V,Avanti Energy Inc,
AX-UN.TO,Artis Real Estate Investment Trust,"Real Estate, Finance, Banking"
AXU.TO,Alexco Resource Corp,"Consulting, Mining, Materials"
AYA.TO,Aya Gold & Silver Inc,
AZ.V,A2Z Smart Technologies Corp.,
AZM.V,Azimut Exploration Inc,"Mining, Materials"
AZT.V,Aztec Minerals Corp,
BABY.V,Else Nutrition Holdings Inc,
BAD.TO,Badger Daylighting Ltd,"Construction, Engineering"
BAM-A.TO,Brookfield Asset Management Inc. (Class A),Finance
BB.TO,BlackBerry Ltd,"Mobile, Software, Internet, Technology"
BBB.V,Brixton Metals Corporation,
BBD-A.TO,Bombardier Inc. (Class A),
BBD-B.TO,Bombardier Inc. (Class B),"Manufacturing, Aerospace and Defence, Engineering, Transportation"
BBTV.TO,BBTV Holdings Inc,
BBU-UN.TO,Brookfield Business Partners L.P.,"Consulting, Real Estate, Finance"
BC-U.TO,Bespoke Capital Acquisition Corp (Class A),
BCE.TO,BCE Inc,"Telecommunications, Internet, Technology"
BCM.V,Bear Creek Mining Corp.,
BDT.TO,Bird Construction Inc,"Construction, Engineering"
BEI-UN.TO,Boardwalk Real Estate Investment Trust,"Real Estate, Finance"
BEP-UN.TO,Brookfield Renewable Partners LP,
BEPC.TO,Brookfield Renewable Corporation (Class A),
BES.V,Braille Energy Systems Inc,
BGP-U.NE,BGP Acquisition Corp (Class A),
BHC.TO,Bausch Health Companies Inc,"Manufacturing, Healthcare, Pharmaceuticals"
BIP-UN.TO,Brookfield Infrastructure Partners L.P,"Energy, Utilities"
BIPC.TO,Brookfield Infrastructure Corp (Class A),
BIR.TO,Birchcliff Energy Ltd,"Energy, Oil and Gas"
BITC-U.TO,Bitcoin Trust - Unit - Class A,
BITF.V,Bitfarms Ltd.,
BITK.V,BlockchainK2 Corp,
BKI.TO,Black Iron Inc,
BKMT.V,Blockmint Technologies Inc (Class A),
BLDP.TO,Ballard Power Systems Inc.,"Manufacturing, Clean Energy, Electronics, Engineering, Technology"
BLU.TO,Bellus Health Inc,"Healthcare, Pharmaceuticals, Biotechnology"
BLX.TO,"Boralex, Inc. (Class A)","Energy, Clean Energy, Oil and Gas, Utilities"
BMEX.V,BMEX Gold Inc.,
BMO.TO,Bank of Montreal,"Finance, Banking"
BNAU.TO,Battle North Gold Corp,
BNCH.V,Benchmark Metals Inc,
BNE.TO,Bonterra Energy Corp.,"Energy, Oil and Gas"
BNS.TO,Bank Of Nova Scotia,"Finance, Banking"
BNXA.V,Banxa Holdings Inc.,
BOS.TO,Airboss Of America Corp.,
BPF-UN.TO,Boston Pizza Royalties Income Fund,Finance
BPY-UN.TO,Brookfield Property Partners L.P.,"Real Estate, Finance"
BRAG.TO,Bragg Gaming Group Inc,"Entertainment and Media, Technology"
BRC.V,Blackrock Silver Corp,
BRG.V,Brigadier Gold Ltd.,
BRMI.TO,Boat Rocker Media Inc,
BRND-A-U.NE,Mercer Park Brand Acquisition Corp (Class A),
BRO.V,Barksdale Resources Corp,
BSR.V,Bluestone Resources Inc,"Mining, Materials"
BSX.TO,Belo Sun Mining Corp,"Mining, Materials"
BTB-UN.TO,BTB Real Estate Investment Trust - Unit,"Real Estate, Finance, Banking"
BTCG-UN.TO,CI Galaxy Bitcoin Fund - Unit - Class A,
BTE.TO,Baytex Energy Corp,"Energy, Oil and Gas"
BTO.TO,B2gold Corp,"Mining, Materials"
BTR.V,Bonterra Resources Inc,
BU.TO,Burcon Nutrascience Corp,"Manufacturing, Machinery, Engineering"
BYD.TO,Boyd Group Services Inc,
BYL.TO,Baylin Technologies Inc,"Manufacturing, Electronics, Technology"
BZ.V,Benz Mining Corp,
CAD.V,Colonial Coal International Corp,"Energy, Mining, Materials"
CAE.TO,Cae Inc.,"Manufacturing, Aerospace and Defence, Engineering"
CAPT.V,Capitan Mining Inc,
CAR-UN.TO,Canadian Apartment Properties Real Estate Investment Trust,"Real Estate, Finance"
CARE.TO,Dialogue Health Technologies Inc,Recent IPOs
CAS.TO,Cascades Inc.,"Manufacturing, Materials"
CBD-U.TO,HempFusion Wellness Inc,
CBDTCSE,Empower Clinics Inc,
CBLU.V,Clear Blue Technologies International Inc.,
CBR.V,Cabral Gold Inc,
CCA.TO,Cogeco Communications Inc,"Telecommunications, Entertainment and Media, Internet"
CCHW.NE,Columbia Care Inc,
CCL-B.TO,CCL Industries Inc. (Class B),"Manufacturing, Consumer Products, Technology"
CCM.TO,Canagold Resources Ltd,
CCO.TO,Cameco Corp.,"Mining, Materials"
CCW.V,Canada Cobalt Works Inc,
CERE-U.NE,#NAME?,
CERT.V,Cerrado Gold Corp,
CERV.TO,Cervus Equipment Corp,"Machinery, Logistics"
CEU.TO,CES Energy Solutions Corp,"Manufacturing, Materials"
CF.TO,Canaccord Genuity Group Inc,Finance
CFF.TO,Conifex Timber Inc,"Manufacturing, Machinery, Materials"
CFP.TO,Canfor Corp.,"Manufacturing, Machinery, Materials"
CFW.TO,Calfrac Well Services Ltd.,
CFX.TO,Canfor Pulp Products Inc,"Manufacturing, Materials"
CG.TO,Centerra Gold Inc.,"Mining, Materials"
CGG.TO,China Gold International Resources Corp Ltd,"Mining, Materials"
CGX.TO,Cineplex Inc,"Entertainment and Media, Internet, Technology"
CHE-UN.TO,Chemtrade Logistics Income Fund,"Manufacturing, Materials"
CHP-UN.TO,Choice Properties Real Estate Investment Trust,"Real Estate, Finance"
CHR.TO,Chorus Aviation Inc,"Travel, Transportation"
CIA.TO,Champion Iron Limited,
CIX.TO,CI Financial Corp,Finance
CJ.TO,Cardinal Energy Ltd,"Energy, Oil and Gas"
CJR-B.TO,"Corus Entertainment, Inc. (Class B)",Entertainment and Media
CJT.TO,Cargojet Inc. Common and Variable Voting Shares,"Logistics, Transportation"
CLIQ.TO,Alcanna Inc,
CLS.TO,"Celestica, Inc.","Energy, Aerospace and Defence, Consulting, Logistics"
CM.TO,Canadian Imperial Bank Of Commerce,"Finance, Banking"
CMG.TO,Computer Modelling Group Ltd,"Oil and Gas, Software, Internet, Technology"
CMMC.TO,Copper Mountain Mining Corporation,"Mining, Materials"
CMX.V,Chilean Metals Inc,
CNC.V,Canada Nickel Company Inc,
CNE.TO,Canacol Energy Ltd,"Energy, Oil and Gas"
CNQ.TO,Canadian Natural Resources Ltd.,"Energy, Oil and Gas"
CNR.TO,Canadian National Railway Co.,"Travel, Transportation"
CP.TO,Canadian Pacific Railway Ltd,"Travel, Transportation"
CPAU.V,CopAur Minerals Inc.,
CPG.TO,Crescent Point Energy Corp,"Energy, Oil and Gas"
CPH.TO,Cipher Pharmaceuticals Inc,"Manufacturing, Healthcare, Pharmaceuticals"
CPR.V,Allied Copper Corp,
CPX.TO,Capital Power Corp,"Energy, Utilities, Construction"
CR.TO,Crew Energy Inc.,"Energy, Oil and Gas"
CRDL.TO,Cardiol Therapeutics Inc (Class A),
CRE.V,Critical Elements Lithium Corporation,"Mining, Materials"
CRH.TO,CRH Medical Corporation,"Manufacturing, Healthcare, Engineering, Technology"
CRON.TO,Cronos Group Inc,"Manufacturing, Cannabis, Healthcare"
CRR-UN.TO,Crombie Real Estate Investment Trust,"Real Estate, Finance"
CRRX.TO,CareRx Corporation,
CRT-UN.TO,CT Real Estate Investment Trust,"Real Estate, Finance, Banking"
CS.TO,Capstone Mining Corporation,"Mining, Materials"
CSH-UN.TO,Chartwell Retirement Residences,"Real Estate, Finance"
CSO.V,Corsa Coal Corp,"Mining, Materials"
CSTR.V,CryptoStar Corp,
CSU.TO,Constellation Software Inc,
CSX.V,Clean Seed Capital Group Ltd,
CTC-A.TO,"Canadian Tire Corp., Ltd. (Class A)","Sports, Finance, Retail, Consumer Products"
CTS.TO,Converge Technology Solutions Corp.,
CU.TO,Canadian Utilities Ltd. (Class A),"Energy, Utilities"
CUB.V,CubicFarm Systems Corp,
CUF-UN.TO,Cominar Real Estate Investment Trust,"Real Estate, Finance"
CUR.V,International Consolidated Uranium Inc,
CVE.TO,Cenovus Energy Inc,"Energy, Oil and Gas"
CVV.V,Canalaska Uranium Ltd,
CVX.V,Cematrix Corporation,
CWB.TO,Canadian Western Bank,"Finance, Banking"
CWEB.TO,Charlottes Web Holdings Inc,
CWRK.V,CurrencyWorks Inc,
CWX.TO,CanWel Building Materials Group Ltd,"Construction, Materials"
CXB.TO,Calibre Mining Corp,
CYBN.NE,Cybin Inc,
CYL.V,Ceylon Graphite Corp,
CYM.V,Cymat Technologies Ltd.,
CYP.V,Cypress Development Corp.,
CZO.V,Ceapro Inc.,
D-UN.TO,Dream Office Real Estate Investment Trust (Series A),"Real Estate, Finance"
DAN.V,Arianne Phosphate Inc,"Mining, Materials"
DBG.V,Doubleview Gold Corp,
DC-A.TO,Dundee Corporation (Class A),"Real Estate, Finance"
DCBO.TO,Docebo Inc,
DCM.TO,DATA Communications Management Corp,
DCMC.V,Dore Copper Mining Corp,
DEAL.V,Playgon Games Inc.,
DEF.V,Defiance Silver Corp,
DEFI.NE,DeFi Technologies Inc,
DEFN.V,Defense Metals Corp,
DEV-H.V,CT Developers Ltd,
DEX-H.V,Detector Exploration Ltd.,
DF.TO,Dividend 15 Split Corp. II (Class A),
DFLYCSE,Draganfly Inc,
DFN.TO,Dividend 15 Split Corp. (Class A),Finance
DFR.V,Diamond Fields Resources Inc,
DGHI.V,Sub voting,
DGS.TO,Dividend Growth Split Corp (Class A),Finance
DGTL.V,DGTL Holdings Inc.,
DII-B.TO,Dorel Industries Inc. (Class B),"Manufacturing, Consumer Products"
DIR-UN.TO,Dream Industrial Real Estate Investment Trust,"Real Estate, Finance"
DIV.TO,Diversified Royalty Corp,"Manufacturing, Consumer Products, Technology"
DLCG.V,Dominion Lending Centres Inc.,
DLTA.V,Delta Resources Ltd,
DME.V,Desert Mountain Energy Corp,
DMGI.V,DMG Blockchain Solutions Inc,
DML.TO,Denison Mines Corp,"Mining, Materials"
DMX.V,District Metals Corp,
DN.TO,Delta 9 Cannabis Inc,"Manufacturing, Cannabis, Healthcare"
DND.TO,Dye & Durham Ltd,
DNG.TO,Dynacor Gold Mines Inc,
DOC.V,CloudMD Software & Services Inc,
DOL.TO,Dollarama Inc,"Retail, Fashion and Jewelry, Consumer Products"
DOO.TO,BRP Inc,"Manufacturing, Healthcare, Biotechnology"
DPM.TO,Dundee Precious Metals Inc.,
DR.TO,Medical Facilities Corp,"Consulting, Healthcare"
DRDR.TO,MCI Onehealth Technologies Inc (Class A),
DRM.TO,DREAM Unlimited Corp (Class A),
DRT.TO,DIRTT Environmental Solutions Ltd,"Manufacturing, Construction, Materials"
DSG.TO,Descartes Systems Group Inc,"Software, Internet, Logistics, Technology"
DSLV.V,Denarius Silver Corp,
DSV.V,Discovery Metals Corp,"Mining, Materials"
DTG.V,Dynamic Technologies Group Inc (Class A),
DV.V,Dolly Varden Silver Corp,"Mining, Materials"
DXT.TO,Dexterra Group Inc,
DYA.TO,DynaCERT Inc,"Manufacturing, Machinery, Transportation"
EAM.V,East Africa Metals Inc,
ECN.TO,ECN Capital Corp,Finance
ECO.TO,EcoSynthetix Inc,"Manufacturing, Materials"
ECOM.V,Emerge Commerce Ltd,
EDR.TO,Endeavour Silver Corp.,"Mining, Materials"
EDT.TO,Spectral Medical Inc,
EDV.TO,Endeavour Mining Corp,"Mining, Materials"
EFL.TO,"Electrovaya, Inc.",
EFN.TO,Element Fleet Management Corp,Finance
EFR.TO,Energy Fuels Inc,
EFX.TO,Enerflex Ltd,"Manufacturing, Machinery, Engineering"
EGLX.TO,Enthusiast Gaming Holdings Inc.,
EGT.V,Eguana Technologies Inc,
EIF.TO,Exchange Income Corp,"Manufacturing, Travel, Transportation"
EIT-UN.TO,Canoe EIT Income Fund,Finance
ELD.TO,Eldorado Gold Corp.,"Mining, Materials"
ELEF.TO,Silver Elephant Mining Corp,
ELO.V,Eloro Resources Ltd,"Mining, Materials"
ELR.TO,Eastern Platinum Ltd,
ELY.V,Ely Gold Royalties Inc,
EMA.TO,Emera Inc.,"Energy, Oil and Gas, Utilities"
EMH.V,Emerald Health Therapeutics Inc,"Manufacturing, Cannabis, Healthcare, Pharmaceuticals"
EMM.V,Giyani Metals Corp,
EMN.V,Euro Manganese Inc,
EMP-A.TO,"Empire Co., Ltd. (Class A)","Food, Retail, Consumer Products"
EMPR.V,Empress Royalty Corp.,
ENB.TO,Enbridge Inc,"Energy, Oil and Gas"
ENGH.TO,Enghouse Systems Ltd,"Software, Internet, Technology"
ENW.V,Enwave Corp.,"Manufacturing, Machinery, Engineering"
EPRX.TO,Eupraxia Pharmaceuticals Inc,
EQX.TO,Equinox Gold Corp,
ERD.TO,Erdene Resource Development Corp,
ERE-UN.TO,European Residential Real Estate Investment Trust,"Real Estate, Finance"
ERF.TO,Enerplus Corporation,"Energy, Oil and Gas"
ERL-H.V,Earl Resources Ltd.,
ERO.TO,Ero Copper Corp,"Mining, Materials"
ESE.V,ESE Entertainment Inc.,
ESI.TO,Ensign Energy Services Inc,"Oil and Gas, Mining, Materials"
ESK.V,Eskay Mining Corp,
ESM.TO,Euro Sun Mining Inc,"Mining, Materials"
ESX.V,Essex Minerals Inc,
ETG.TO,Entree Resources Ltd,"Mining, Materials"
ETHC.NE,Ether Capital Corp,
ETMC.V,E3 Metals Corp,"Mining, Materials"
ETX.TO,Etrion Corp,
EU.V,enCore Energy Corp,
EVER.V,Evergold Corp,
EWS.V,Environmental Waste International Inc.,
EXE.TO,Extendicare Inc,"Consulting, Healthcare"
EXN.TO,Excellon Resources Inc,
EXRO.V,Exro Technologies Inc,
FAF.TO,Fire & Flower Holdings Corp,Cannabis
FAP.TO,Aberdeen Asia-Pacific Income Investment Co. Ltd,Finance
FCR-UN.TO,First Capital Real Estate Investment Trust,
FCU.TO,Fission Uranium Corp,"Mining, Materials"
FD.V,Facedrive Inc,
FDGE.TO,Farmers Edge Inc,
FDR.V,Founders Metals Inc,
FEC.TO,Frontera Energy Corporation,"Energy, Oil and Gas"
FF.TO,First Mining Gold Corp,
FFH.TO,"Fairfax Financial Holdings, Ltd.",
FFN.TO,North American Financial 15 Split Corp (Class A),
FIL.V,Filo Mining Corp,"Mining, Materials"
FIND.V,Baselode Energy Corp.,
FIRE.TO,The Supreme Cannabis Company Inc,Cannabis
FISH.V,Sailfish Royalty Corp,Finance
FL.V,Frontier Lithium Inc,
FLT.V,Drone Delivery Canada Corp,"Logistics, Technology"
FLWR.V,Flowr Corp. (The),"Manufacturing, Cannabis, Healthcare"
FLY.V,FLYHT Aerospace Solutions Ltd,
FM.TO,First Quantum Minerals Ltd.,"Mining, Materials"
FNV.TO,Franco-Nevada Corporation,"Mining, Materials"
FOM.V,Foran Mining Corp.,
FOOD.TO,Goodfood Market Corp,"Food, Consumer Products, Internet, Technology"
FORT.V,Fortress Technologies Inc,
FPC.V,Falco Resources Ltd.,"Mining, Materials"
FPX.V,FPX Nickel Corp,
FR.TO,First Majestic Silver Corporation,"Mining, Materials"
FRI.V,Freeport Resources Inc.,
FRII.TO,Freshii Inc (Class A),"Food, Restaurants, Retail"
FRU.TO,Freehold Royalties Ltd,"Energy, Oil and Gas"
FSV.TO,FirstService Corp,"Real Estate, Finance"
FSX.V,Fosterville South Exploration Ltd,
FSY.TO,Forsys Metals Corp.,
FSZ.TO,Fiera Capital Corp (Class A),Finance
FTG.TO,Firan Technology Group Corp.,
FTN.TO,Financial 15 Split Corp. (Class A),
FTS.TO,Fortis Inc.,"Energy, Oil and Gas, Utilities"
FTT.TO,Finning International Inc.,Machinery
FURY.TO,Fury Gold Mines Ltd.,
FVAN.V,First Vanadium Corp,
FVI.TO,Fortuna Silver Mines Inc.,"Mining, Materials"
FVL.TO,Freegold Ventures Ltd,
FWZ.V,Fireweed Zinc Ltd,
G.TO,Augusta Gold Corp.,
GASX.V,NG Energy International Corp.,
GAU.TO,Galiano Gold Inc,
GBAR.TO,Monarch Mining Corp,
GBML.V,Global Battery Metals Ltd.,
GBR.V,Great Bear Resources Ltd,
GBRC.V,Gold Bull Resources Corp.,
GBRR.V,Great Bear Royalties Corp,
GBU.V,Gabriel Resources Ltd.,"Mining, Materials"
GC.TO,Great Canadian Gaming Corp.,Entertainment and Media
GCL.TO,Colabor Group Inc,"Food, Logistics"
GCM.TO,Gran Colombia Gold Corp,"Mining, Materials"
GDNP.V,Good natured Products Inc,
GEI.TO,Gibson Energy Inc,"Energy, Oil and Gas"
GEM.V,Green Battery Minerals Inc,
GENM.TO,Generation Mining Ltd,
GFL.TO,GFL Environmental Inc.,
GGD.TO,Gogold Resources Inc,"Mining, Materials"
GGI.V,Garibaldi Resources Corporation.,"Mining, Materials"
GIB-A.TO,CGI Inc (Class A),"Consulting, Software, Technology"
GIGA.V,Giga Metals Corp,
GIII.V,GEN III Oil Corp,"Energy, Manufacturing, Oil and Gas, Engineering"
GIL.TO,Gildan Activewear Inc,"Manufacturing, Apparel and Footwear, Fashion and Jewelry, Consumer Products"
GLD.V,GoldON Resources Ltd,"Mining, Materials"
GLDC.V,Cassiar Gold Corp,
GLDL.V,Gold Line Resources Ltd.,
GLDX.V,Gold X Mining Corp,
GLO.TO,Global Atomic Corp,"Mining, Materials"
GLXY.TO,Galaxy Digital Holdings Ltd.,
GMA.V,Geomega Resources Inc,
GMIN.V,G Mining Ventures Corp.,
GMTN.V,Gold Mountain Mining Corp.,
GMX.TO,"Globex Mining Enterprises, Inc.",
GOG.V,Golden Tag Resources Ltd.,
GOLD.TO,GoldMining Inc,"Mining, Materials"
GOOS.TO,Canada Goose Holdings Inc,"Manufacturing, Apparel and Footwear, Fashion and Jewelry, Consumer Products"
GPH.V,Graphite One Inc,
GPR.TO,Great Panther Mining Ltd,"Mining, Materials"
GPV.V,GreenPower Motor Company Inc,
GRA.V,NanoXplore Inc,
GRAM-U.NE,TPCO Holding Corp (Class A),
GRAT.V,Gratomic Inc,
GRB.V,Greenbriar Capital Corp,"Real Estate, Finance"
GRN.TO,Greenlane Renewables Inc,
GRSL.V,Gr Silver Mining Ltd,
GRT-UN.TO,Granite Real Estate Investment Trust,"Real Estate, Finance"
GSI.V,Gatekeeper Systems Inc.,
GSPR.V,GSP Resource Corp,
GSV.TO,Gold Standard Ventures Corp,"Mining, Materials"
GSY.TO,Goeasy Ltd,Finance
GTE.TO,Gran Tierra Energy Inc,"Energy, Oil and Gas"
GTEC.V,GTEC Holdings Ltd,
GTMS.TO,Greenbrook TMS Inc,
GTT.V,GT Gold Corp,"Mining, Materials"
GTWO.V,G2 Goldfields Inc,
GUD.TO,Knight Therapeutics Inc,"Manufacturing, Healthcare, Pharmaceuticals"
GVC.TO,Glacier Media Inc,"Manufacturing, Materials"
GWM.V,Galway Metals Inc,
GWO.TO,Great-West Lifeco Inc,"Healthcare, Finance, Insurance"
GXE.TO,Gear Energy Ltd,"Energy, Oil and Gas"
H.TO,Hydro One Ltd,"Energy, Oil and Gas, Utilities"
HAI.TO,Haivision Systems Inc,
HAN.V,Hannan Metals ltd,
HAPB.V,HAPBEE TECHNOLOGIES INC.,
HAR.V,Harfang Exploration Inc,
HBM.TO,Hudbay Minerals Inc.,"Mining, Materials"
HCG.TO,Home Capital Group Inc.,"Finance, Banking"
HELX.V,Helix Applications Inc.,
HEM.V,Hemostemix Inc,
HEO.V,H2O Innovation Inc,
HEXO.TO,HEXO Corp,
HIRE.V,Hire Technologies Inc,
HITI.V,High Tide Inc.,Cannabis
HIVE.V,HIVE Blockchain Technologies Ltd,"Software, Internet, Technology"
HLS.TO,HLS Therapeutics Inc,"Healthcare, Pharmaceuticals"
HME.V,Hemisphere Energy Corp,
HOC.V,Hunter Technology Corp,
HOT-UN.TO,American Hotel Income Properties REIT LP,"Real Estate, Finance"
HPQ.V,HPQ-Silicon Resources Inc,
HR-UN.TO,H&R Real Estate Investment Trust,"Real Estate, Finance"
HRX.TO,Heroux-Devtek Inc.,"Manufacturing, Aerospace and Defence, Engineering"
HSTR.V,Heliostar Metals Ltd,
HTL.V,Hamilton Thorne Ltd,"Manufacturing, Healthcare, Engineering, Technology"
HTR.V,Heatherdale Resources Ltd,
HULK.V,Pontus Protein Ltd,
HUT.TO,Hut 8 Mining Corp,"Consulting, Software, Technology"
HVT.V,Harvest One Cannabis Inc,
HWX.TO,Headwater Exploration Inc,
IAG.TO,iA Financial Corp,
IBG.TO,IBI Group Inc,"Consulting, Logistics, Transportation"
IFC-R.TO,Subscription Receipts - April 2021,
IFC.TO,Intact Financial Corp,
IFP.TO,Interfor Corp,
IGM.TO,IGM Financial Inc.,
IGX.V,IntelGenx Technologies Corp,"Manufacturing, Healthcare, Pharmaceuticals"
III.TO,Imperial Metals Corp.,
IIP-UN.TO,InterRent Real Estate Investment Trust,
IMG.TO,Iamgold Corp.,"Mining, Materials"
IMIN.V,iMining Blockchain and Cryptocurrency Inc.,
IMO.TO,Imperial Oil Ltd.,
IMV.TO,IMV Inc,
INE.TO,Innergex Renewable Energy Inc,
INEO.V,INEO Tech Corp,
INO-UN.TO,Inovalis Real Estate Investment Trust,
INV.TO,INV Metals Inc,"Mining, Materials"
ION.V,Ion Energy Ltd.,
IPA.V,ImmunoPrecise Antibodies Ltd,
IPCI.TO,Intellipharmaceutics International Inc,
IPCO.TO,International Petroleum Corp.,
IPL.TO,Inter Pipeline Ltd,"Energy, Oil and Gas"
IPO.TO,InPlay Oil Corp,"Energy, Oil and Gas"
IPT.V,Impact Silver Corp.,"Mining, Materials"
IQ.V,"Airiq, Inc",
ISO.V,IsoEnergy Ltd.,"Mining, Materials"
ITM.V,Intema Solutions Inc,
ITP.TO,Intertape Polymer Group Inc.,
ITR.V,Integra Resources Corp,
IVN.TO,Ivanhoe Mines Ltd. (Class A),"Mining, Materials"
JAG.TO,Jaguar Mining Inc,
JE.TO,Just Energy Group Inc,
JEV.V,Jericho Energy Ventures Inc,
JNH.V,Jack Nathan Medical Corp.,
JOSE.TO,Josemaria Resources Inc,"Mining, Materials"
JOY.TO,Journey Energy Inc,
JRV.V,Jervois Mining Ltd.,
JUGR.V,Juggernaut Exploration Ltd,
JUMP.V,Leveljump Healthcare Corp.,
JWEL.TO,Jamieson Wellness Inc,
K.TO,Kinross Gold Corp.,
KC.V,Kutcho Copper Corp,
KCC.V,Kincora Copper Ltd,
KDK.V,Kodiak Copper Corp,
KEL.TO,Kelt Exploration Ltd,
KEON-H.V,Keon Capital Inc,
KEY.TO,Keyera Corp,
KFR.V,Kingfisher Metals Corp,
KHRN.V,Khiron Life Sciences Corp,
KITS.TO,Kits Eyecare Ltd,
KL.TO,Kirkland Lake Gold Ltd,
KLD.V,Kenorland Minerals Ltd.,
KLS.TO,Kelso Technologies Inc.,"Manufacturing, Transportation"
KMP-UN.TO,Killam Apartment Reit,
KNC.V,K9 Gold Corp.,
KNRCSE,Kontrol Technologies Corp,
KNT.TO,K92 Mining Inc,"Mining, Materials"
KOR.TO,Corvus Gold Inc,
KORE.V,Kore Mining Ltd,
KRR.TO,Karora Resources Inc,
KTN.V,Kootenay Silver Inc,
KTO.V,K2 Gold Corp,
KWE.V,KWESST Micro Systems Inc.,
KXS.TO,Kinaxis Inc,
LAB.V,Labrador Gold Corp,
LABS.TO,Medipharm Labs Corp,"Manufacturing, Healthcare, Pharmaceuticals"
LAC.TO,Lithium Americas Corp,
LAM.TO,Laramide Resources Ltd.,"Mining, Materials"
LB.TO,Laurentian Bank Of Canada,
LBC.V,Libero Copper & Gold Corporation,
LBS.TO,Life & Banc Split Corp (Class A),
LEAF.TO,Leaf Mobile Inc,
LGD.TO,Liberty Gold Corp.,
LGO.TO,Largo Resources Ltd.,
LI.V,American Lithium Corp,
LIF.TO,Labrador Iron Ore Royalty Corp,
LIO.V,Lion One Metals Ltd,"Mining, Materials"
LIS.V,Lithium South Development Corporation,
LITH.V,Lithium Chile Inc,
LLG.V,Mason Graphite Inc,"Mining, Materials"
LN.TO,Loncor Resources Inc,
LNR.TO,Linamar Corp.,
LORD.V,St. James Gold Corp,
LPEN.TO,Loop Energy Inc,
LPS.V,Legend Power Systems Inc.,"Manufacturing, Clean Energy, Electronics, Engineering, Technology"
LR.V,Luminex Resources Corp,
LSPD.TO,Lightspeed POS Inc,
LTE.V,Lite Access Technologies Inc,
LUC.TO,Lucara Diamond Corp,"Mining, Materials"
LUCK.V,Real Luck Group Ltd.,
LUG.TO,Lundin Gold Inc,
LUM.V,Lumina Gold Corp,
LUN.TO,Lundin Mining Corp.,
LVX.V,Leviathan Gold Ltd,
LXE.V,Leucrotta Exploration Inc.,"Energy, Oil and Gas"
LXG.V,Lexagene Holdings Inc,"Mining, Materials"
MAG.TO,MAG Silver Corp.,
MAI.V,Minera Alamos Inc,
MAPS.V,ProStar Holdings Inc.,
MARI.TO,Marimaca Copper Corp,
MAU.V,Montage Gold Corp,
MAW.TO,Mawson Gold Ltd,
MAXR.TO,Maxar Technologies Inc,
MBCN.TO,MindBeacon Holdings Inc,
MBX.TO,Microbix Biosystems Inc.,
MCI.V,Minnova Corp,"Mining, Materials"
MDA.TO,MDA Ltd,Recent IPOs
MDF.TO,mdf commerce inc,
MDI.TO,Major Drilling Group International Inc.,"Oil and Gas, Mining, Materials"
MDL.V,Medallion Resources Ltd,
MDNA.TO,Medicenna Therapeutics Corp,"Manufacturing, Healthcare, Biotechnology"
MDP.V,Medexus Pharmaceuticals Inc,"Manufacturing, Healthcare, Pharmaceuticals"
MEDV.NE,Medivolve Inc,
MEG.TO,MEG Energy Corp,
MFC.TO,Manulife Financial Corp.,
MFG.V,Mayfair Gold Corp,
MFI.TO,Maple Leaf Foods Inc.,
MG.TO,Magna International Inc.,
MGG.V,Minaurum Gold Inc,"Mining, Materials"
MGM.V,Maple Gold Mines Ltd,
MI-UN.TO,Minto Apartment Real Estate Investment Trust,
MIN.TO,Excelsior Mining Corp,"Mining, Materials"
MIR.V,Medmira Inc,
MKO.V,Mako Mining Corp,
ML.V,Millennial Lithium Corp,
MMED.NE,Mind Medicine Inc,
MMG.V,Metallic Minerals Corp,
MMX.TO,Maverix Metals Inc,
MN.V,Manganese X Energy Corp,
MNOW.V,Mednow Inc (Class A),
MOGO.TO,Mogo Inc,
MON.V,Montero Mining and Exploration Ltd,
MOZ.TO,Marathon Gold Corporation,
MPCT-UN.TO,Dream Impact Trust,
MPVD.TO,Mountain Province Diamonds Inc,"Mining, Materials"
MRE.TO,"Martinrea International, Inc.",
MRG-UN.TO,Morguard North American Residential Real Estate Investment Trust,
MRS.V,Mission Ready Solutions Inc,
MRT-UN.TO,Morguard Real Estate Investment Trust,
MRU.TO,Metro Inc,
MRZ.V,Mirasol Resources Ltd,"Mining, Materials"
MSI.TO,Morneau Shepell Inc,Consulting
MTA.V,Metalla Royalty and Streaming Ltd,
MTB.V,Mountain Boy Minerals Ltd.,
MTL.TO,Mullen Group Ltd,
MTRX.V,Loop Insights Inc,
MTS.V,Metallis Resources Inc,"Mining, Materials"
MTY.TO,MTY Food Group Inc.,
MUX.TO,McEwen Mining Inc,
MVI-H.V,Monitor Ventures Inc,
MVMDCSE,Mountain Valley MD Holdings Inc,
MVP.V,MediaValet Inc,"Entertainment and Media, Software, Technology"
MVY.V,Moovly Media Inc,
MX.TO,Methanex Corp.,
MXR.V,Max Resource Corp.,
MYCO.NE,Mydecine Innovations Group Inc,
MYID.V,Killi Ltd,
N.V,Namaste Technologies Inc,
NA.TO,National Bank Of Canada,
NAC-U.TO,NextPoint Acquisition Corp (Class A),
NB.TO,NioCorp Developments Ltd,"Mining, Materials"
NBL-H.V,Nobelium Tech Corp,
NBR.V,Nubian Resources Ltd,
NBVA.V,Nubeva Technologies Ltd.,"Software, Internet"
NBY.V,Niobay Metals Inc,
NCAU.V,Newcore Gold Ltd.,
NDA.V,Neptune Digital Assets Corp.,
NDM.TO,Northern Dynasty Minerals Ltd.,"Mining, Materials"
NDVA.V,Indiva Ltd,"Manufacturing, Cannabis, Healthcare"
NEE.V,Northern Vertex Mining Corp,
NEO.TO,Neo Performance Materials Inc,
NEPT.TO,Neptune Wellness Solutions Inc,
NEXE.V,NEXE Innovations Inc (Class A),
NEXT.TO,NextSource Materials Inc,
NFG.V,New Found Gold Corp,
NFI.TO,NFI Group Inc,
NG.TO,Novagold Resources Inc.,
NGC.V,Northern Graphite Corp,
NGD.TO,New Gold Inc,
NGEX.V,NGEx Minerals Ltd,
NGLD.V,New Placer Dome Gold Corp.,
NGT.TO,Newmont Corp,
NHK.TO,Nighthawk Gold Corp,
NICL.V,Nickel Rock Resources Inc.,
NKG.V,Nevada King Gold Corp,
NKL.V,Nickel 28 Capital Corp,
NLC.V,Neo Lithium Corp,"Manufacturing, Mining, Materials"
NLH.V,Nova Leap Health Corp,
NNO.V,Nano One Materials Corp,
NOA.TO,North American Construction Group Ltd,
NOC.V,Norseman Silver Inc.,
NOU.V,Nouveau Monde Graphite Inc,
NOVC.V,Nova Cannabis Inc,
NOVR.V,Nova Royalty Corp.,
NPI.TO,Northland Power Inc.,
NPR.V,North Peak Resources Ltd.,
NPTH.V,NeuPath Health Inc,
NRM.V,Noram Ventures Inc,
NSR.TO,Nomad Royalty Company Ltd,
NTAR.NE,NexTech AR Solutions Corp,
NTR.TO,Nutrien Ltd,
NUAG.TO,New Pacific Metals Corp.,
NUMI.V,Numinus Wellness Inc.,
NVA.TO,Nuvista Energy Ltd.,
NVCN.TO,Neovasc Inc,
NVEI.TO,Nuvei Corporation,
NVO.TO,Novo Resources Corp,
NWC.TO,North West Company Inc,
NWH-UN.TO,NorthWest Healthcare Properties REIT Investment Trust,
NWST.V,Northwest Copper Corp,
NWX.V,Newport Exploration Ltd,
NXE.TO,NexGen Energy Ltd,
NXO.V,Nexoptic Technology Corp,"Mining, Materials"
NXR-UN.TO,Nexus Real Estate Investment Trust. - Unit,
OBE.TO,Obsidian Energy Ltd,
OCG.V,Outcrop Gold Corp,
OCO.V,Oroco Resource Corp,"Mining, Materials"
OG.V,Organic Garage Ltd,
OGC.TO,OceanaGold Corporation,
OGI.TO,OrganiGram Holdings Inc.,"Manufacturing, Cannabis, Healthcare"
OGN.V,Orogen Royalties Inc,
OGO.V,Organto Foods Inc,
OLA.TO,Orla Mining Ltd,
OM.V,Osisko Metals Incorporated,"Mining, Materials"
OMI.TO,Orosur Mining Inc,
OMM.V,Omineca Mining and Metals Ltd,
ONC.TO,"Oncolytics Biotech, Inc.","Manufacturing, Healthcare, Biotechnology"
ONE.V,01 Communique Laboratory Inc,
ONEX.TO,Onex Corp.,
OPS.TO,Opsens Inc,"Manufacturing, Machinery, Electronics, Engineering, Technology"
OR.TO,Osisko Gold Royalties Ltd,"Mining, Materials"
ORA.TO,Aura Minerals Inc.,"Mining, Materials"
ORE.V,Orezone Gold Corp,"Mining, Materials"
ORG.V,Orca Gold Inc,"Mining, Materials"
ORL.TO,Orocobre Ltd,
OROX.V,Oro X Mining Corp,
OSI.V,Osino Resources Corp.,
OSK.TO,Osisko Mining Inc,"Mining, Materials"
OSS.V,OneSoft Solutions Inc,"Software, Internet, Technology"
OTEX.TO,Open Text Corp,
OVV.TO,Ovintiv Inc,
OYL.V,CGX Energy Inc,"Energy, Oil and Gas"
PAAS.TO,Pan American Silver Corp,"Mining, Materials"
PAC.V,Pacton Gold Inc,
PAT.TO,Patriot One Technologies Inc,"Mining, Materials"
PAY.TO,Payfare Inc (Class A),Recent IPOs
PBH.TO,Premium Brands Holdings Corp,
PBL.TO,Pollard Banknote Ltd,
PBX.V,PowerBand Solutions Inc,
PCLO.V,PharmaCielo Ltd.,
PD.TO,Precision Drilling Corp,
PE.V,Pure Energy Minerals Ltd,
PEA.TO,Pieridae Energy Ltd,"Energy, Oil and Gas"
PEAK.V,Sun Peak Metals Corp.,
PERU.V,Chakana Copper Corp,"Mining, Materials"
PEY.TO,Peyto Exploration & Development Corp.,
PFM.V,ProntoForms Corp,Logistics
PG.TO,Premier Gold Mines Ltd,
PGLD.V,P2 Gold Inc.,
PGM.V,Pure Gold Mining Inc,"Mining, Materials"
PGZ.V,Pan Global Resources Inc,
PHA.V,Premier Health of America Inc,
PHO.TO,"Photon Control, Inc.","Manufacturing, Electronics, Semiconductors, Engineering, Technology"
PHX.TO,PHX Energy Services Corp,"Oil and Gas, Mining, Materials"
PHYS.TO,Sprott Physical Gold Trust,
PIF.TO,Polaris Infrastructure Inc,
PINK.V,Perimeter Medical Imaging AI Inc,
PIPE.TO,Pipestone Energy Corp.,"Energy, Oil and Gas"
PKI.TO,Parkland Corp,
PKT.V,Parkit Enterprise Inc,
PL.TO,Pinnacle Renewable Energy Inc,
PLAN.V,Progressive Planet Solutions Inc,
PLC.TO,Park Lawn Corp,
PLTHCSE,Planet 13 Holdings Inc,
PLU.V,Plateau Energy Metals Inc,"Mining, Materials"
PLUR.V,Plurilock Security Inc.,
PLZ-UN.TO,Plaza Retail REIT,"Real Estate, Finance"
PNG.V,Kraken Robotics Inc,"Manufacturing, Machinery, Engineering, Technology"
POND.V,Pond Technologies Holdings Inc,
POU.TO,Paramount Resources Ltd. (Class A),
POW.TO,Power Corp. Of Canada,
PPL.TO,Pembina Pipeline Corporation,
PPTA.TO,Perpetua Resources Corp.,
PRB.V,Probe Metals Inc,
PRMW.TO,Primo Water Corporation,
PRU.TO,Perseus Mining Limited,
PRV-UN.TO,PRO Real Estate Investment Trust,"Real Estate, Finance"
PRYM.V,Prime Mining Corp,
PSI.TO,Pason Systems Inc.,"Manufacturing, Machinery, Oil and Gas, Mining, Engineering"
PSK.TO,PrairieSky Royalty Ltd,
PSLV.TO,Sprott Physical Silver Trust,
PSYB.V,PsyBio Therapeutics Corp,
PTK.V,POET Technologies Inc,
PTM.TO,Platinum Group Metals Ltd.,
PTQ.V,Protech Home Medical Corp.,
PVG.TO,Pretium Resources Inc,
PWM.V,Power Metals Corp,
PXA.V,Phoenix Gold Resources Corp.,
PXI.V,Planet Ventures Inc,
PXT.TO,Parex Resources Inc,
PYR.TO,Pyrogenesis Canada Inc,Environmental Services
PZA.TO,Pizza Pizza RoyaltyCorp,
QBR-B.TO,Quebecor Inc. (Class B),
QBTC-U.TO,The Bitcoin Fund - Unit - Class A,
QEX.V,QuestEx Gold & Copper Ltd.,
QMC.V,QMC Quantum Minerals Corp,
QRC.V,Queen`s Road Capital Investment Ltd,
QSR.TO,Restaurant Brands International Inc,
QST.V,Questor Technology Inc,"Manufacturing, Machinery, Engineering"
QTRH.TO,Quarterhill Inc,
QUIS.V,Quisitive Technology Solutions Inc,
QYOU.V,QYOU Media Inc,
RAY-A.TO,Stingray Group Inc,
RBA.TO,Ritchie Bros Auctioneers Inc,
RBX.V,Robex Resources Inc.,
RCC-H.V,Red Rock Capital Corp,
RCG.TO,RF Capital Group Inc,
RCH.TO,Richelieu Hardware Ltd.,
RCI-B.TO,Rogers Communications Inc. (Class B),
RCK.V,Rock Tech Lithium Inc,"Mining, Materials"
RDG.V,Ridgeline Minerals Corp.,
REAL.TO,Real Matters Inc,
REAX.V,The Real Brokerage Inc.,
RECO.V,Reconnaissance Energy Africa Ltd,
RECP.TO,Recipe Unlimited Corp,
REG.V,Regulus Resources Inc,"Mining, Materials"
REI-UN.TO,RioCan Real Estate Investment Trust,
RET-A.V,Reitmans Ltd. (Class A),"Apparel and Footwear, Retail, Fashion and Jewelry, Consumer Products"
REVO.V,RevoluGROUP Canada Inc,
RFP.TO,Resolute Forest Products Inc,
RHC.V,Royal Helium Ltd,
RHT.V,Reliq Health Technologies Inc,Technology
RIO.V,Rio2 Ltd.,
RIV.TO,RIV Capital Inc (Class A),
RKR.V,Rokmaster Resources Corp,
RMK.V,Red Moon Resources Inc,
RNW.TO,TransAlta Renewables Inc,"Energy, Clean Energy, Utilities, Engineering"
ROI.V,Route1 Inc.,
ROMJ.V,Rubicon Organics Inc,
ROOT.TO,Roots Corp,
ROS.V,Roscan Gold Corp.,
ROXG.TO,Roxgold Inc,"Mining, Materials"
RPX.V,Red Pine Exploration Inc,
RRI.V,#NAME?,
RSI.TO,Rogers Sugar Inc,
RSLV.V,Reyna Silver Corp,
RSS.V,Resaas Services Inc,"Software, Internet, Technology"
RUS.TO,Russel Metals Inc.,
RVG.V,Revival Gold Inc,
RVX.TO,Resverlogix Corp.,
RW.V,RenoWorks Software Inc,
RWR.V,Rockwealth Resources Corp,"Mining, Materials"
RY.TO,Royal Bank of Canada,"Finance, Banking"
SAP.TO,Saputo Inc,"Food, Manufacturing, Consumer Products"
SBB.TO,Sabina Gold & Silver Corp,"Mining, Materials"
SBM.V,Sirona Biochem Corp,"Manufacturing, Healthcare, Biotechnology"
SCAN.V,Liberty Defense Holdings Ltd,
SCL.TO,ShawCor Ltd.,"Manufacturing, Machinery, Consulting, Engineering"
SCOT.V,Scottie Resources Corp,
SCR.TO,Score Media and Gaming Inc (Class A),
SCZ.V,Santacruz Silver Mining Ltd,
SDE.V,Spartan Delta Corp.,
SEA.TO,"Seabridge Gold, Inc.","Mining, Materials"
SES.TO,Secure Energy Services Inc,"Manufacturing, Machinery, Oil and Gas, Mining, Engineering"
SGI.V,Superior Gold Inc,"Mining, Materials"
SGMA.V,Sigma Lithium Resources Corp.,
SGR-R.TO,Slate Grocery REIT - Subscription Receipts - Mar 2021,
SGR-UN.TO,Slate Grocery REIT,
SGY.TO,Surge Energy Inc,"Energy, Oil and Gas"
SHG.V,Skylight Health Group Inc,
SHOP.TO,Shopify Inc (Class A),"Retail, Software, Internet, Technology"
SIA.TO,Sienna Senior Living Inc,"Consulting, Healthcare"
SII.TO,Sprott Inc,
SIL.TO,SilverCrest Metals Inc,"Mining, Materials"
SIS.TO,Savaria Corp.,"Healthcare, Consumer Products"
SJ.TO,Stella-Jones Inc.,"Manufacturing, Machinery, Materials"
SJR-B.TO,Shaw Communications Inc. (Class B),"Telecommunications, Entertainment and Media, Internet"
SKE.TO,Skeena Resources Limited,"Mining, Materials"
SLF.TO,"Sun Life Financial, Inc.","Finance, Insurance"
SLL.V,Standard Lithium Ltd,"Manufacturing, Mining, Materials"
SLS.TO,Solaris Resources Inc,
SLVR.V,Silver Tiger Metals Inc,
SMD.V,Strategic Metals Ltd,"Mining, Materials"
SMN.V,Sun Summit Minerals Corp,
SMP.V,Southern Empire Resources Corp,
SMT.TO,Sierra Metals Inc,"Mining, Materials"
SMU-UN.TO,Summit Industrial Income REIT,"Real Estate, Finance"
SNC.TO,SNC - Lavalin Group Inc.,"Manufacturing, Consulting, Construction, Engineering"
SOLG.TO,SolGold Plc,
SOLR.V,Solar Alliance Energy Inc.,
SOT-UN.TO,Slate Office Real Estate Investment Trust,"Real Estate, Finance"
SOY.TO,"Sunopta, Inc.","Food, Manufacturing, Consumer Products"
SPA.V,Spanish Mountain Gold Ltd,
SPB.TO,Superior Plus Corp,"Energy, Oil and Gas, Materials"
SPC.V,SPC Nickel Corp.,
SPG.TO,Spark Power Group Inc,"Energy, Oil and Gas, Utilities"
SPOT.V,GoldSpot Discoveries Corp,"Software, Internet, Technology"
SQD.V,SQI Diagnostics Inc,
SRHI.TO,SRHI Inc (Class A),
SRU-UN.TO,SmartCentres Real Estate Investment Trust,"Real Estate, Finance"
SRX.TO,Storm Resources Ltd,"Energy, Oil and Gas"
SSL.TO,Sandstorm Gold Ltd,Finance
SSRM.TO,SSR Mining Inc,"Mining, Materials"
SSV.V,Southern Silver Exploration Corp.,
SSVR.V,Summa Silver Corp,
STC.V,Sangoma Technologies Corporation,
STE.V,Starr Peak Mining Ltd,
STEP.TO,STEP Energy Services Ltd,"Energy, Oil and Gas"
STGO.TO,Steppe Gold Ltd,
STLC.TO,Stelco Holdings Inc,"Manufacturing, Mining, Engineering, Materials"
STN.TO,Stantec Inc,"Construction, Engineering"
STNG.V,Stinger Resources Inc,Recent IPOs
STRR.V,Star Royalties Ltd.,
SU.TO,"Suncor Energy, Inc.","Energy, Oil and Gas"
SUP.V,Northern Superior Resources Inc,
SURG.V,Surge Copper Corp.,
SVA.V,Sernova Corp.,
SVB.TO,Silver Bull Resources Inc,
SVE.V,Silver One Resources Inc,
SVI.V,Storagevault Canada Inc,"Real Estate, Logistics"
SVM.TO,Silvercorp Metals Inc,"Mining, Materials"
SVS.V,Solarvest BioEnergy Inc,
SVTN.V,Silverton Metals Corp,
SW.TO,Sierra Wireless Inc,"Telecommunications, Manufacturing, Electronics, Software, Internet, Technology"
SXP.TO,Supremex Inc,"Cannabis, Consumer Products"
SYH.V,Skyharbour Resources Ltd,"Mining, Materials"
SYZ.TO,"Sylogist, Ltd",
SZLS.TO,StageZero Life Sciences Ltd,
TA.TO,Transalta Corp.,"Energy, Oil and Gas, Utilities"
TAU.V,Thesis Gold Inc.,
TBIX.V,TrustBIX Inc,
TBL.TO,Taiga Building Products Ltd,"Construction, Logistics"
TBR.V,Timberline Resources Corp.,
TBRD.V,Thunderbird Entertainment Group Inc,
TBX.V,Turmalina Metals Corp,
TCL-A.TO,"Transcontinental, Inc. (Class A)","Manufacturing, Materials"
TCN.TO,Tricon Residential Inc,Finance
TCW.TO,"Trican Well Service, Ltd.","Manufacturing, Machinery, Oil and Gas, Mining, Engineering"
TD.TO,Toronto Dominion Bank,"Finance, Banking"
TECK-B.TO,Teck Resources Ltd (Class B),"Mining, Materials"
TELO.V,Telo Genomics Corp,
TEST.V,FluroTech Ltd,
TEV.TO,Tervita Corporation,"Manufacturing, Machinery, Oil and Gas, Mining, Engineering"
TF.TO,Timbercreek Financial Corp,Finance
TFII.TO,TFI International Inc,"Logistics, Transportation"
TGL.TO,Transglobe Energy Corp.,"Energy, Oil and Gas"
TGM.V,Trillium Gold Mines Inc.,
TGOD.TO,Green Organic Dutchman Holdings Ltd,"Manufacturing, Cannabis, Healthcare"
TH.TO,Theratechnologies Inc.,"Manufacturing, Healthcare, Pharmaceuticals"
THNK.V,Think Research Corporation,
THRM.V,Therma Bright Inc,
TIC.V,"Titanium Corporation, Inc.",
TIH.TO,Toromont Industries Ltd.,"Machinery, Construction"
TIXT.TO,TELUS International Cda Inc,
TKO.TO,Taseko Mines Ltd.,"Mining, Materials"
TLG.TO,Troilus Gold Corp,"Mining, Materials"
TLO.TO,Talon Metals Corp,
TM.V,Trigon Metals Inc,
TMC.V,Trench Metals Corp. (Class A),
TMD.TO,Titan Medical Inc,"Manufacturing, Healthcare, Engineering, Technology"
TML.TO,Treasury Metals Inc,
TNT-UN.TO,True North Commercial Real Estate Investment Trust,"Real Estate, Finance"
TNX.TO,Tanzanian Gold Corp,
TOI.V,Topicus.com Inc,
TORO.V,Pucara Gold Ltd.,
TOU.TO,Tourmaline Oil Corp,"Energy, Oil and Gas"
TOY.TO,Spin Master Corp,"Manufacturing, Healthcare, Biotechnology"
TPZ.TO,Topaz Energy Corp,
TRBE.V,Tribe Property Technologies Inc,
TRI.TO,Thomson-Reuters Corp,Finance
TRIL.TO,Trillium Therapeutics Inc,"Manufacturing, Healthcare, Biotechnology"
TRP-PR-J.TO,TC Energy Corporation - FXDFR PRF PERPETUAL CAD 25 - Ser 13,"Energy, Oil and Gas"
TRP.TO,TC Energy Corporation,"Energy, Oil and Gas"
TRQ.TO,Turquoise Hill Resources Ltd,
TRZ.TO,"Transat A.T., Inc.",Travel
TSK.TO,Talisker Resources Ltd,
TSL.TO,Tree Island Steel Ltd,"Manufacturing, Materials"
TSN.V,Telson Mining Corp.,"Mining, Materials"
TSU.TO,Trisura Group Ltd,
TTR.V,Titanium Transportation Group Inc,"Logistics, Transportation"
TUD.V,Tudor Gold Corp,
TUO.V,Teuton Resources Corp.,"Mining, Materials"
TVE.TO,Tamarack Valley Energy Ltd,"Energy, Oil and Gas"
TWM.TO,Tidewater Midstream and Infrastructure Ltd,"Energy, Oil and Gas"
TXG.TO,Torex Gold Resources Inc,"Mining, Materials"
TXP.TO,Touchstone Exploration Inc.,
U.TO,Uranium Participation Corporation,Finance
UCU.V,Ucore Rare Metals Inc,
UFS.TO,Domtar Corporation,Manufacturing
UGD.V,"Unigold, Inc.",
UGE.V,UGE International Ltd,
UNI.TO,Unisync Corp,
UNS.TO,Uni-Select Inc.,"Transportation, Automotive"
UPI.V,Universal PropTech Inc.,
URC.V,Uranium Royalty Corp,
URE.TO,Ur-Energy Inc.,"Mining, Materials"
USA.TO,Americas Gold and Silver Corp,
VERY.V,Very Good Food Company Inc (the),
VET.TO,Vermilion Energy Inc,"Energy, Oil and Gas"
VFF.TO,Village Farms International Inc,"Agriculture, Biotechnology"
VG.V,Volcanic Gold Mines Inc,
VGCX.TO,Victoria Gold Corp,
VGLD.V,Vangold Mining Corp,
VHI.V,Vitalhub Corp,
VIPR.V,Silver Viper Minerals Corp,
VIV.V,Avivagen Inc,Biotechnology
VLE.TO,Valeura Energy Inc,"Energy, Oil and Gas"
VLI.V,Vision Lithium Inc.,
VLNS.TO,Valens Company Inc (The),
VMC.V,Vicinity Motor Corp,
VMD.TO,Viemed Healthcare Inc,"Consulting, Healthcare"
VNP.TO,5N Plus Inc,"Manufacturing, Materials"
VPT.V,Ventripoint Diagnostics Ltd,
VQS.TO,VIQ Solutions Inc,
VSR.V,Vanstar Mining Resources Inc,
VXL.V,Vaxil Bio Ltd.,
VXTR.V,Voxtur Analytics Corp,
VZLA.V,Vizsla Silver Corp,
WBE.V,Westbond Enterprises Corp,
WCN.TO,Waste Connections Inc,Environmental Services
WCP.TO,Whitecap Resources Inc,"Energy, Oil and Gas"
WDO.TO,Wesdome Gold Mines Ltd.,"Mining, Materials"
WE.V,WeCommerce Holdings Ltd (Class A),
WED.V,Westaim Corp,Finance
WEED.TO,Canopy Growth Corporation,"Manufacturing, Cannabis, Healthcare"
WEF.TO,Western Forest Products Inc.,"Manufacturing, Machinery, Materials"
WELL.TO,WELL Health Technologies Corp,
WFG.TO,"West Fraser Timber Co., Ltd.","Manufacturing, Machinery, Materials"
WGO.V,White Gold Corp,"Mining, Materials"
WHG.V,Whitehorse Gold Corp,
WHN.V,Westhaven Gold Corp.,
WILD.TO,WildBrain Ltd,
WIN.V,Windfall Geotek Inc,
WIR-U.TO,WPT Industrial Real Estate Investment Trust,
WISH.V,Wishpond Technologies Ltd.,
WJX.TO,Wajax Corp,Machinery
WLLW.TO,Willow Biosciences Inc,
WM.TO,Wallbridge Mining Company Ltd.,
WMD.V,WeedMD Inc,Cannabis
WN.TO,George Weston Ltd.,"Food, Manufacturing, Retail, Consumer Products"
WPK.TO,"Winpak, Ltd.","Manufacturing, Materials"
WPM.TO,Wheaton Precious Metals Corp,"Mining, Materials"
WPRT.TO,Westport Fuel Systems Inc,"Manufacturing, Machinery, Transportation"
WRN.TO,Western Copper & Gold Corp,"Mining, Materials"
WSP.TO,WSP Global Inc,"Construction, Engineering"
WTE.TO,Westshore Terminals Investment Corporation,"Logistics, Transportation"
X.TO,TMX Group Ltd,Finance
XAU.TO,GoldMoney Inc,"Software, Internet, Technology"
XBC.TO,Xebec Adsorption Inc,
XIM.V,Ximen Mining Corp,"Mining, Materials"
XLY.V,Auxly Cannabis Group Inc.,"Cannabis, Finance"
YES.V,CHAR Technologies Ltd,
YGR.TO,Yangarra Resources Ltd,"Energy, Oil and Gas"
YGT.V,Gold Terra Resource Corp,
YNV.V,Ynvisible Interactive Inc (Class A),"Manufacturing, Machinery, Electronics, Engineering, Technology"
YRI.TO,Yamana Gold Inc.,"Mining, Materials"
ZAC.V,Zacatecas Silver Corp,
ZEN.V,ZEN Graphene Solutions Ltd,
ZOMD.V,Zoomd Technologies Ltd,
ZZZ.TO,Sleep Country Canada Holdings Inc,"Retail, Consumer Products"
